Model,CV_R2,CV_Std,Train_R2,Test_R2,Test_RMSE,Test_MAE
Random Forest,0.04286072107966232,0.5453972870225541,0.9868952131749135,0.6091594784087078,83.00980497683724,66.58375691787104
XGBoost,-1.4470106091924133,2.7425416289713245,0.9931297201934038,0.42211636623799687,100.93686199753596,83.50448097860007
Ridge (L2),-42.51741557516328,60.203170972299965,0.9147200793617268,-11.11608320905074,462.1795496437595,354.9386901821372
Lasso (L1),-89.17451826966784,125.20668046083422,0.9150767451751174,-11.354937568571726,466.71297954958277,358.3927116073383
Linear Regression,-90.46521689723721,127.70625364233156,0.9150774596687667,-11.359970698842478,466.8080341795749,358.50212575868557
